1000,2021-09-20-15-31-30,-200,-200,-200,-200,-200,-200
1001,2021-09-20-15-31-30,-200,-200,-200,-200,-200,-200
1002,2021-09-20-15-31-30,-200,-200,-200,-200,-200,-200
1003,2021-09-20-15-31-30,-200,-200,-200,-200,-200,-200
1004,2021-09-20-15-31-30,-200,-200,-200,-200,-200,-200
1005,2021-09-20-15-31-30,-200,-200,-200,-200,-200,-200
1006,2021-09-20-15-31-30,-200,-200,-200,-200,-200,-200
1007,2021-09-20-15-31-30,-200,-200,-200,-200,-200,-200
1008,2021-09-20-15-31-30,-200,-200,-200,-200,-200,-200
1009,2021-09-20-15-31-31,-200,-200,-200,-200,-200,-200
1010,2021-09-20-15-31-31,-200,-200,-200,-200,-200,-200
1011,2021-09-20-15-31-31,-200,-200,-200,-200,-200,-200
1012,2021-09-20-15-31-31,-200,-200,-200,-200,-200,-200
1013,2021-09-20-15-31-31,-200,-200,-200,-200,-200,-200
1014,2021-09-20-15-31-31,-200,-200,-200,-200,-200,-200
1015,2021-09-20-15-31-31,-200,-200,-200,-200,-200,-200
1016,2021-09-20-15-31-31,-200,-200,-200,-200,-200,-200
1017,2021-09-20-15-31-31,-200,-200,-200,-200,-200,-200
1018,2021-09-20-15-31-31,-200,-200,-200,-200,-200,-200
1019,2021-09-20-15-31-31,-200,-200,-200,-200,-200,-200
1020,2021-09-20-15-31-31,-200,-200,-200,-200,-200,-200
1021,2021-09-20-15-31-31,-200,-200,-200,-200,-200,-200
1022,2021-09-20-15-31-31,-200,-200,-200,-200,-200,-200
1023,2021-09-20-15-31-31,-200,-200,-200,-200,-200,-200
1024,2021-09-20-15-31-31,-200,-200,-200,-200,-200,-200
1025,2021-09-20-15-31-31,-200,-200,-200,-200,-200,-200
1026,2021-09-20-15-31-31,-200,-200,-200,-200,-200,-200
1027,2021-09-20-15-31-31,-200,-200,-200,-200,-200,-200
1028,2021-09-20-15-31-31,-200,-200,-200,-200,-200,-200
1029,2021-09-20-15-31-31,-200,-200,-200,-200,-200,-200
1030,2021-09-20-15-31-31,-200,-200,-200,-200,-200,-200
1031,2021-09-20-15-31-31,-200,-200,-200,-200,-200,-200
1032,2021-09-20-15-31-31,-200,-200,-200,-200,-200,-200
1033,2021-09-20-15-31-31,-200,-200,-200,-200,-200,-200
1034,2021-09-20-15-31-31,-200,-200,-200,-200,-200,-200
1035,2021-09-20-15-31-31,-200,-200,-200,-200,-200,-200
1036,2021-09-20-15-31-31,-200,-200,-200,-200,-200,-200
1037,2021-09-20-15-31-32,-200,-200,-200,-200,-200,-200
1038,2021-09-20-15-31-32,-200,-200,-200,-200,-200,-200
1039,2021-09-20-15-31-32,-200,-200,-200,-200,-200,-200
1040,2021-09-20-15-31-32,-200,-200,-200,-200,-200,-200
1041,2021-09-20-15-31-32,-200,-200,-200,-200,-200,-200
1042,2021-09-20-15-31-32,-200,-200,-200,-200,-200,-200
1043,2021-09-20-15-31-32,-200,-200,-200,-200,-200,-200
1044,2021-09-20-15-31-32,-200,-200,-200,-200,-200,-200
1045,2021-09-20-15-31-32,-200,-200,-200,-200,-200,-200
1046,2021-09-20-15-31-32,-200,-200,-200,-200,-200,-200
1047,2021-09-20-15-31-32,-200,-200,-200,-200,-200,-200
1048,2021-09-20-15-31-32,-200,-200,-200,-200,-200,-200
1049,2021-09-20-15-31-32,-200,-200,-200,-200,-200,-200
1050,2021-09-20-15-31-32,-200,-200,-200,-200,-200,-200
1051,2021-09-20-15-31-32,-200,-200,-200,-200,-200,-200
1052,2021-09-20-15-31-32,-200,-200,-200,-200,-200,-200
1053,2021-09-20-15-31-32,-200,-200,-200,-200,-200,-200
1054,2021-09-20-15-31-32,-200,-200,-200,-200,-200,-200
1055,2021-09-20-15-31-32,-200,-200,-200,-200,-200,-200
1056,2021-09-20-15-31-33,-200,-200,-200,-200,-200,-200
1057,2021-09-20-15-31-33,-200,-200,-200,-200,-200,-200
1058,2021-09-20-15-31-33,-200,-200,-200,-200,-200,-200
1059,2021-09-20-15-31-33,-200,-200,-200,-200,-200,-200
1060,2021-09-20-15-31-33,-200,-200,-200,-200,-200,-200
1061,2021-09-20-15-31-33,-200,-200,-200,-200,-200,-200
1062,2021-09-20-15-31-33,-200,-200,-200,-200,-200,-200
1063,2021-09-20-15-31-33,-200,-200,-200,-200,-200,-200
1064,2021-09-20-15-31-33,-200,-200,-200,-200,-200,-200
1065,2021-09-20-15-31-33,-200,-200,-200,-200,-200,-200
1066,2021-09-20-15-31-33,-200,-200,-200,-200,-200,-200
1067,2021-09-20-15-31-33,-200,-200,-200,-200,-200,-200
1068,2021-09-20-15-31-33,-200,-200,-200,-200,-200,-200
1069,2021-09-20-15-31-34,-200,-200,-200,-200,-200,-200
1070,2021-09-20-15-31-34,-200,-200,-200,-200,-200,-200
1071,2021-09-20-15-31-34,-200,-200,-200,-200,-200,-200
1072,2021-09-20-15-31-34,-200,-200,-200,-200,-200,-200
1073,2021-09-20-15-31-34,-200,-200,-200,-200,-200,-200
1074,2021-09-20-15-31-34,-200,-200,-200,-200,-200,-200
1075,2021-09-20-15-31-34,-200,-200,-200,-200,-200,-200
1076,2021-09-20-15-31-34,-200,-200,-200,-200,-200,-200
1077,2021-09-20-15-36-39,-200,-200,-200,-200,-200,-200
1078,2021-09-20-15-36-39,-200,-200,-200,-200,-200,-200
1079,2021-09-20-15-36-39,-200,-200,-200,-200,-200,-200
1080,2021-09-20-15-36-39,-200,-200,-200,-200,-200,-200
1081,2021-09-20-15-36-40,-200,-200,-200,-200,-200,-200
1082,2021-09-20-15-36-40,-200,-200,-200,-200,-200,-200
1083,2021-09-20-15-36-40,-200,-200,-200,-200,-200,-200
1084,2021-09-20-15-36-40,-200,-200,-200,-200,-200,-200
1085,2021-09-20-15-36-40,-200,-200,-200,-200,-200,-200
1086,2021-09-20-15-36-40,-200,-200,-200,-200,-200,-200
1087,2021-09-20-15-36-40,-200,-200,-200,-200,-200,-200
1088,2021-09-20-15-36-40,-200,-200,-200,-200,-200,-200
1089,2021-09-20-15-36-40,-200,-200,-200,-200,-200,-200
1090,2021-09-20-15-36-40,-200,-200,-200,-200,-200,-200
1091,2021-09-20-15-36-40,-200,-200,-200,-200,-200,-200
1092,2021-09-20-15-36-41,-200,-200,-200,-200,-200,-200
1093,2021-09-20-15-36-41,-200,-200,-200,-200,-200,-200
1094,2021-09-20-15-36-41,-200,-200,-200,-200,-200,-200
1095,2021-09-20-15-36-41,-200,-200,-200,-200,-200,-200
1096,2021-09-20-15-36-41,-200,-200,-200,-200,-200,-200
1097,2021-09-20-15-36-41,-200,-200,-200,-200,-200,-200
1098,2021-09-20-15-36-41,-200,-200,-200,-200,-200,-200
1099,2021-09-20-15-36-41,-200,-200,-200,-200,-200,-200
1100,2021-09-20-15-36-41,-200,-200,-200,-200,-200,-200
1101,2021-09-20-15-36-41,-200,-200,-200,-200,-200,-200
1102,2021-09-20-15-36-42,-200,-200,-200,-200,-200,-200
1103,2021-09-20-15-36-42,-200,-200,-200,-200,-200,-200
1104,2021-09-20-15-36-42,-200,-200,-200,-200,-200,-200
1105,2021-09-20-15-36-42,-200,-200,-200,-200,-200,-200
1106,2021-09-20-15-36-42,-200,-200,-200,-200,-200,-200
1107,2021-09-20-15-36-42,-200,-200,-200,-200,-200,-200
1108,2021-09-20-15-36-42,-200,-200,-200,-200,-200,-200
1109,2021-09-20-15-36-42,-200,-200,-200,-200,-200,-200
1110,2021-09-20-15-36-42,-200,-200,-200,-200,-200,-200
1111,2021-09-20-15-36-42,-200,-200,-200,-200,-200,-200
1112,2021-09-20-15-36-43,-200,-200,-200,-200,-200,-200
1113,2021-09-20-15-36-43,-200,-200,-200,-200,-200,-200
1114,2021-09-20-15-36-43,-200,-200,-200,-200,-200,-200
1115,2021-09-20-15-36-43,-200,-200,-200,-200,-200,-200
1116,2021-09-20-15-36-43,-200,-200,-200,-200,-200,-200
1117,2021-09-20-15-36-43,-200,-200,-200,-200,-200,-200
1118,2021-09-20-15-36-43,-200,-200,-200,-200,-200,-200
1119,2021-09-20-15-36-43,-200,-200,-200,-200,-200,-200
1120,2021-09-20-15-36-43,-200,-200,-200,-200,-200,-200
1121,2021-09-20-15-36-44,-200,-200,-200,-200,-200,-200
1122,2021-09-20-15-36-44,-200,-200,-200,-200,-200,-200
1123,2021-09-20-15-36-44,-200,-200,-200,-200,-200,-200
1124,2021-09-20-15-36-44,-200,-200,-200,-200,-200,-200
1125,2021-09-20-15-36-44,-200,-200,-200,-200,-200,-200
1126,2021-09-20-15-36-44,-200,-200,-200,-200,-200,-200
1127,2021-09-20-15-36-44,-200,-200,-200,-200,-200,-200
1128,2021-09-20-15-36-44,-200,-200,-200,-200,-200,-200
1129,2021-09-20-15-36-44,-200,-200,-200,-200,-200,-200
1130,2021-09-20-15-36-45,-200,-200,-200,-200,-200,-200
1131,2021-09-20-15-36-45,-200,-200,-200,-200,-200,-200
1132,2021-09-20-15-36-45,-200,-200,-200,-200,-200,-200
1133,2021-09-20-15-36-45,-200,-200,-200,-200,-200,-200
1134,2021-09-20-15-36-45,-200,-200,-200,-200,-200,-200
1135,2021-09-20-15-36-45,-200,-200,-200,-200,-200,-200
1136,2021-09-20-15-36-45,-200,-200,-200,-200,-200,-200
1137,2021-09-20-15-36-45,-200,-200,-200,-200,-200,-200
1138,2021-09-20-15-36-45,-200,-200,-200,-200,-200,-200
1139,2021-09-20-15-36-45,-200,-200,-200,-200,-200,-200
1140,2021-09-20-15-36-46,-200,-200,-200,-200,-200,-200
1141,2021-09-20-15-36-46,-200,-200,-200,-200,-200,-200
1142,2021-09-20-15-36-46,-200,-200,-200,-200,-200,-200
1143,2021-09-20-15-36-46,-200,-200,-200,-200,-200,-200
1144,2021-09-20-15-36-46,-200,-200,-200,-200,-200,-200
1145,2021-09-20-15-36-46,-200,-200,-200,-200,-200,-200
1146,2021-09-20-15-36-46,-200,-200,-200,-200,-200,-200
1147,2021-09-20-15-36-46,-200,-200,-200,-200,-200,-200
1148,2021-09-20-15-36-46,-200,-200,-200,-200,-200,-200
1149,2021-09-20-15-36-46,-200,-200,-200,-200,-200,-200
1150,2021-09-20-15-36-46,-200,-200,-200,-200,-200,-200
1151,2021-09-20-15-36-47,-200,-200,-200,-200,-200,-200
1152,2021-09-20-15-36-47,-200,-200,-200,-200,-200,-200
1153,2021-09-20-15-36-47,-200,-200,-200,-200,-200,-200
1154,2021-09-20-15-36-47,-200,-200,-200,-200,-200,-200
1155,2021-09-20-15-36-47,-200,-200,-200,-200,-200,-200
1156,2021-09-20-15-36-47,-200,-200,-200,-200,-200,-200
1157,2021-09-20-15-36-47,-200,-200,-200,-200,-200,-200
1158,2021-09-20-15-36-47,-200,-200,-200,-200,-200,-200
1159,2021-09-20-15-36-47,-200,-200,-200,-200,-200,-200
1160,2021-09-20-15-36-47,-200,-200,-200,-200,-200,-200
1161,2021-09-20-15-36-47,-200,-200,-200,-200,-200,-200
1162,2021-09-20-15-36-47,-200,-200,-200,-200,-200,-200
1163,2021-09-20-15-36-47,-200,-200,-200,-200,-200,-200
1164,2021-09-20-15-36-47,-200,-200,-200,-200,-200,-200
1165,2021-09-20-15-36-47,-200,-200,-200,-200,-200,-200
1166,2021-09-20-15-36-47,-200,-200,-200,-200,-200,-200
1167,2021-09-20-15-36-48,-200,-200,-200,-200,-200,-200
1168,2021-09-20-15-36-48,-200,-200,-200,-200,-200,-200
1169,2021-09-20-15-36-48,-200,-200,-200,-200,-200,-200
1170,2021-09-20-15-36-48,-200,-200,-200,-200,-200,-200
1171,2021-09-20-15-36-48,-200,-200,-200,-200,-200,-200
1172,2021-09-20-15-36-48,-200,-200,-200,-200,-200,-200
1173,2021-09-20-15-36-48,-200,-200,-200,-200,-200,-200
1174,2021-09-20-15-36-48,-200,-200,-200,-200,-200,-200
1175,2021-09-20-15-36-48,-200,-200,-200,-200,-200,-200
1176,2021-09-20-15-36-48,-200,-200,-200,-200,-200,-200
1177,2021-09-20-15-36-48,-200,-200,-200,-200,-200,-200
1178,2021-09-20-15-36-48,-200,-200,-200,-200,-200,-200
1179,2021-09-20-15-36-48,-200,-200,-200,-200,-200,-200
1180,2021-09-20-15-36-48,-200,-200,-200,-200,-200,-200
1181,2021-09-20-15-36-48,-200,-200,-200,-200,-200,-200
1182,2021-09-20-15-36-48,-200,-200,-200,-200,-200,-200
1183,2021-09-20-15-36-48,-200,-200,-200,-200,-200,-200
1184,2021-09-20-15-36-48,-200,-200,-200,-200,-200,-200
1185,2021-09-20-15-36-48,-200,-200,-200,-200,-200,-200
1186,2021-09-20-15-36-48,-200,-200,-200,-200,-200,-200
1187,2021-09-20-15-36-48,-200,-200,-200,-200,-200,-200
1188,2021-09-20-15-36-49,-200,-200,-200,-200,-200,-200
1189,2021-09-20-15-36-49,-200,-200,-200,-200,-200,-200
1190,2021-09-20-15-36-49,-200,-200,-200,-200,-200,-200
1191,2021-09-20-15-36-49,-200,-200,-200,-200,-200,-200
1192,2021-09-20-15-36-49,-200,-200,-200,-200,-200,-200
1193,2021-09-20-15-36-49,-200,-200,-200,-200,-200,-200
1194,2021-09-20-15-36-49,-200,-200,-200,-200,-200,-200
1195,2021-09-20-15-37-34,-200,-200,-200,-200,-200,-200
1196,2021-09-20-15-37-34,-200,-200,-200,-200,-200,-200
1197,2021-09-20-15-37-34,-200,-200,-200,-200,-200,-200
1198,2021-09-20-15-37-35,-200,-200,-200,-200,-200,-200
1199,2021-09-20-15-37-35,-200,-200,-200,-200,-200,-200
1200,2021-09-20-15-37-35,-200,-200,-200,-200,-200,-200
1201,2021-09-20-15-37-35,-200,-200,-200,-200,-200,-200
1202,2021-09-20-15-37-35,-200,-200,-200,-200,-200,-200
1203,2021-09-20-15-37-35,-200,-200,-200,-200,-200,-200
1204,2021-09-20-15-37-35,-200,-200,-200,-200,-200,-200
1205,2021-09-20-15-37-35,-200,-200,-200,-200,-200,-200
1206,2021-09-20-15-37-35,-200,-200,-200,-200,-200,-200
1207,2021-09-20-15-37-35,-200,-200,-200,-200,-200,-200
1208,2021-09-20-15-37-35,-200,-200,-200,-200,-200,-200
1209,2021-09-20-15-37-35,-200,-200,-200,-200,-200,-200
1210,2021-09-20-15-37-35,-200,-200,-200,-200,-200,-200
1211,2021-09-20-15-37-36,-200,-200,-200,-200,-200,-200
1212,2021-09-20-15-37-36,-200,-200,-200,-200,-200,-200
1213,2021-09-20-15-37-36,-200,-200,-200,-200,-200,-200
1214,2021-09-20-15-37-36,-200,-200,-200,-200,-200,-200
1215,2021-09-20-15-37-36,-200,-200,-200,-200,-200,-200
1216,2021-09-20-15-37-36,-200,-200,-200,-200,-200,-200
1217,2021-09-20-15-37-36,-200,-200,-200,-200,-200,-200
1218,2021-09-20-15-37-36,-200,-200,-200,-200,-200,-200
1219,2021-09-20-15-37-36,-200,-200,-200,-200,-200,-200
1220,2021-09-20-15-37-37,-200,-200,-200,-200,-200,-200
1221,2021-09-20-15-37-37,-200,-200,-200,-200,-200,-200
1222,2021-09-20-15-37-37,-200,-200,-200,-200,-200,-200
1223,2021-09-20-15-37-37,-200,-200,-200,-200,-200,-200
1224,2021-09-20-15-37-37,-200,-200,-200,-200,-200,-200
1225,2021-09-20-15-37-37,-200,-200,-200,-200,-200,-200
1226,2021-09-20-15-37-37,-200,-200,-200,-200,-200,-200
1227,2021-09-20-15-37-37,-200,-200,-200,-200,-200,-200
1228,2021-09-20-15-37-37,-200,-200,-200,-200,-200,-200
1229,2021-09-20-15-37-37,-200,-200,-200,-200,-200,-200
1230,2021-09-20-15-37-37,-200,-200,-200,-200,-200,-200
1231,2021-09-20-15-37-37,-200,-200,-200,-200,-200,-200
1232,2021-09-20-15-37-37,-200,-200,-200,-200,-200,-200
1233,2021-09-20-15-37-37,-200,-200,-200,-200,-200,-200
1234,2021-09-20-15-37-37,-200,-200,-200,-200,-200,-200
1235,2021-09-20-15-37-37,-200,-200,-200,-200,-200,-200
1236,2021-09-20-15-37-37,-200,-200,-200,-200,-200,-200
1237,2021-09-20-15-37-37,-200,-200,-200,-200,-200,-200
1238,2021-09-20-15-37-37,-200,-200,-200,-200,-200,-200
1239,2021-09-20-15-37-37,-200,-200,-200,-200,-200,-200
1240,2021-09-20-15-37-37,-200,-200,-200,-200,-200,-200
1241,2021-09-20-15-37-38,-200,-200,-200,-200,-200,-200
1242,2021-09-20-15-37-38,-200,-200,-200,-200,-200,-200
1243,2021-09-20-15-37-38,-200,-200,-200,-200,-200,-200
1244,2021-09-20-15-37-38,-200,-200,-200,-200,-200,-200
1245,2021-09-20-15-37-38,-200,-200,-200,-200,-200,-200
1246,2021-09-20-15-37-38,-200,-200,-200,-200,-200,-200
1247,2021-09-20-15-37-38,-200,-200,-200,-200,-200,-200
1248,2021-09-20-15-37-38,-200,-200,-200,-200,-200,-200
1249,2021-09-20-15-37-39,-200,-200,-200,-200,-200,-200
1250,2021-09-20-15-37-39,-200,-200,-200,-200,-200,-200
1251,2021-09-20-15-37-39,-200,-200,-200,-200,-200,-200
1252,2021-09-20-15-37-39,-200,-200,-200,-200,-200,-200
1253,2021-09-20-15-37-39,-200,-200,-200,-200,-200,-200
1254,2021-09-20-15-37-39,-200,-200,-200,-200,-200,-200
1255,2021-09-20-15-37-39,-200,-200,-200,-200,-200,-200
1256,2021-09-20-15-37-39,-200,-200,-200,-200,-200,-200
1257,2021-09-20-15-37-39,-200,-200,-200,-200,-200,-200
1258,2021-09-20-15-37-39,-200,-200,-200,-200,-200,-200
1259,2021-09-20-15-37-39,-200,-200,-200,-200,-200,-200
1260,2021-09-20-15-37-39,-200,-200,-200,-200,-200,-200
1261,2021-09-20-15-37-40,-200,-200,-200,-200,-200,-200
1262,2021-09-20-15-37-40,-200,-200,-200,-200,-200,-200
1263,2021-09-20-15-37-40,-200,-200,-200,-200,-200,-200
1264,2021-09-20-15-37-40,-200,-200,-200,-200,-200,-200
1265,2021-09-20-15-37-40,-200,-200,-200,-200,-200,-200
1266,2021-09-20-15-37-40,-200,-200,-200,-200,-200,-200
1267,2021-09-20-15-37-40,-200,-200,-200,-200,-200,-200
1268,2021-09-20-15-37-40,-200,-200,-200,-200,-200,-200
1269,2021-09-20-15-37-40,-200,-200,-200,-200,-200,-200
1270,2021-09-20-15-37-41,-200,-200,-200,-200,-200,-200
1271,2021-09-20-15-37-41,-200,-200,-200,-200,-200,-200
1272,2021-09-20-15-37-41,-200,-200,-200,-200,-200,-200
1273,2021-09-20-15-37-41,-200,-200,-200,-200,-200,-200
1274,2021-09-20-15-37-41,-200,-200,-200,-200,-200,-200
1275,2021-09-20-15-37-41,-200,-200,-200,-200,-200,-200
1276,2021-09-20-15-37-41,-200,-200,-200,-200,-200,-200
1277,2021-09-20-15-37-41,-200,-200,-200,-200,-200,-200
1278,2021-09-20-15-37-41,-200,-200,-200,-200,-200,-200
1279,2021-09-20-15-37-41,-200,-200,-200,-200,-200,-200
1280,2021-09-20-15-37-42,-200,-200,-200,-200,-200,-200
1281,2021-09-20-15-37-42,-200,-200,-200,-200,-200,-200
1282,2021-09-20-15-37-42,-200,-200,-200,-200,-200,-200
1283,2021-09-20-15-37-42,-200,-200,-200,-200,-200,-200
1284,2021-09-20-15-37-42,-200,-200,-200,-200,-200,-200
1285,2021-09-20-15-37-42,-200,-200,-200,-200,-200,-200
1286,2021-09-20-15-37-42,-200,-200,-200,-200,-200,-200
1287,2021-09-20-15-37-42,-200,-200,-200,-200,-200,-200
1288,2021-09-20-15-37-42,-200,-200,-200,-200,-200,-200
1289,2021-09-20-15-37-42,-200,-200,-200,-200,-200,-200
1290,2021-09-20-15-37-43,-200,-200,-200,-200,-200,-200
1291,2021-09-20-15-37-43,-200,-200,-200,-200,-200,-200
1292,2021-09-20-15-37-43,-200,-200,-200,-200,-200,-200
1293,2021-09-20-15-37-43,-200,-200,-200,-200,-200,-200
1294,2021-09-20-15-37-43,-200,-200,-200,-200,-200,-200
1295,2021-09-20-15-37-43,-200,-200,-200,-200,-200,-200
1296,2021-09-20-15-37-43,-200,-200,-200,-200,-200,-200
1297,2021-09-20-15-37-43,-200,-200,-200,-200,-200,-200
1298,2021-09-20-15-37-43,-200,-200,-200,-200,-200,-200
1299,2021-09-20-15-37-44,-200,-200,-200,-200,-200,-200
1300,2021-09-20-15-37-44,-200,-200,-200,-200,-200,-200
1301,2021-09-20-15-37-44,-200,-200,-200,-200,-200,-200
1302,2021-09-20-15-37-44,-200,-200,-200,-200,-200,-200
1303,2021-09-20-15-37-44,-200,-200,-200,-200,-200,-200
1304,2021-09-20-15-37-44,-200,-200,-200,-200,-200,-200
1305,2021-09-20-15-37-44,-200,-200,-200,-200,-200,-200
1306,2021-09-20-15-37-44,-200,-200,-200,-200,-200,-200
1307,2021-09-20-15-37-44,-200,-200,-200,-200,-200,-200
1308,2021-09-20-15-37-44,-200,-200,-200,-200,-200,-200
1309,2021-09-20-15-37-45,-200,-200,-200,-200,-200,-200
1310,2021-09-20-15-37-45,-200,-200,-200,-200,-200,-200
1311,2021-09-20-15-37-45,-200,-200,-200,-200,-200,-200
1312,2021-09-20-15-37-45,-200,-200,-200,-200,-200,-200
1313,2021-09-20-15-37-45,-200,-200,-200,-200,-200,-200
1314,2021-09-20-15-37-45,-200,-200,-200,-200,-200,-200
1315,2021-09-20-15-37-45,-200,-200,-200,-200,-200,-200
1316,2021-09-20-15-37-45,-200,-200,-200,-200,-200,-200
1317,2021-09-20-15-37-45,-200,-200,-200,-200,-200,-200
1318,2021-09-20-15-37-45,-200,-200,-200,-200,-200,-200
1319,2021-09-20-15-37-46,-200,-200,-200,-200,-200,-200
1320,2021-09-20-15-37-46,-200,-200,-200,-200,-200,-200
1321,2021-09-20-15-37-46,-200,-200,-200,-200,-200,-200
1322,2021-09-20-15-37-46,-200,-200,-200,-200,-200,-200
1323,2021-09-20-15-37-46,-200,-200,-200,-200,-200,-200
1324,2021-09-20-15-37-46,-200,-200,-200,-200,-200,-200
1325,2021-09-20-15-37-46,-200,-200,-200,-200,-200,-200
1326,2021-09-20-15-37-46,-200,-200,-200,-200,-200,-200
1327,2021-09-20-15-37-46,-200,-200,-200,-200,-200,-200
1328,2021-09-20-15-37-47,-200,-200,-200,-200,-200,-200
1329,2021-09-20-15-37-47,-200,-200,-200,-200,-200,-200
1330,2021-09-20-15-37-47,-200,-200,-200,-200,-200,-200
1331,2021-09-20-15-37-47,-200,-200,-200,-200,-200,-200
1332,2021-09-20-15-37-47,-200,-200,-200,-200,-200,-200
1333,2021-09-20-15-37-47,-200,-200,-200,-200,-200,-200
1334,2021-09-20-15-37-47,-200,-200,-200,-200,-200,-200
1335,2021-09-20-15-37-47,-200,-200,-200,-200,-200,-200
1336,2021-09-20-15-37-47,-200,-200,-200,-200,-200,-200
1337,2021-09-20-15-37-47,-200,-200,-200,-200,-200,-200
1338,2021-09-20-15-37-48,-200,-200,-200,-200,-200,-200
1339,2021-09-20-15-37-48,-200,-200,-200,-200,-200,-200
1340,2021-09-20-15-37-48,-200,-200,-200,-200,-200,-200
1341,2021-09-20-15-37-48,-200,-200,-200,-200,-200,-200
1342,2021-09-20-15-37-48,-200,-200,-200,-200,-200,-200
1343,2021-09-20-15-37-48,-200,-200,-200,-200,-200,-200
1344,2021-09-20-15-37-48,-200,-200,-200,-200,-200,-200
1345,2021-09-20-15-37-48,-200,-200,-200,-200,-200,-200
1346,2021-09-20-15-37-48,-200,-200,-200,-200,-200,-200
1347,2021-09-20-15-37-48,-200,-200,-200,-200,-200,-200
1348,2021-09-20-15-37-48,-200,-200,-200,-200,-200,-200
1349,2021-09-20-15-37-48,-200,-200,-200,-200,-200,-200
1350,2021-09-20-15-37-48,-200,-200,-200,-200,-200,-200
1351,2021-09-20-15-37-48,-200,-200,-200,-200,-200,-200
1352,2021-09-20-15-37-48,-200,-200,-200,-200,-200,-200
1353,2021-09-20-15-37-48,-200,-200,-200,-200,-200,-200
1354,2021-09-20-15-37-48,-200,-200,-200,-200,-200,-200
1355,2021-09-20-15-37-48,-200,-200,-200,-200,-200,-200
1356,2021-09-20-15-37-48,-200,-200,-200,-200,-200,-200
1357,2021-09-20-15-37-48,-200,-200,-200,-200,-200,-200
1358,2021-09-20-15-37-48,-200,-200,-200,-200,-200,-200
1359,2021-09-20-15-37-48,-200,-200,-200,-200,-200,-200
1360,2021-09-20-15-37-48,-200,-200,-200,-200,-200,-200
1361,2021-09-20-15-37-48,-200,-200,-200,-200,-200,-200
1362,2021-09-20-15-37-48,-200,-200,-200,-200,-200,-200
1363,2021-09-20-15-37-48,-200,-200,-200,-200,-200,-200
1364,2021-09-20-15-37-48,-200,-200,-200,-200,-200,-200
1365,2021-09-20-15-37-48,-200,-200,-200,-200,-200,-200
1366,2021-09-20-15-37-49,-200,-200,-200,-200,-200,-200
1367,2021-09-20-15-37-49,-200,-200,-200,-200,-200,-200
1368,2021-09-20-15-37-49,-200,-200,-200,-200,-200,-200
1369,2021-09-20-15-37-49,-200,-200,-200,-200,-200,-200
1370,2021-09-20-15-37-49,-200,-200,-200,-200,-200,-200
1371,2021-09-20-15-37-49,-200,-200,-200,-200,-200,-200
1372,2021-09-20-15-37-49,-200,-200,-200,-200,-200,-200
1373,2021-09-20-15-37-49,-200,-200,-200,-200,-200,-200
1374,2021-09-20-15-37-49,-200,-200,-200,-200,-200,-200
1375,2021-09-20-15-37-49,-200,-200,-200,-200,-200,-200
1376,2021-09-20-15-37-49,-200,-200,-200,-200,-200,-200
1377,2021-09-20-15-37-49,-200,-200,-200,-200,-200,-200
1378,2021-09-20-15-37-49,-200,-200,-200,-200,-200,-200
1379,2021-09-20-15-37-49,-200,-200,-200,-200,-200,-200
1380,2021-09-20-15-37-49,-200,-200,-200,-200,-200,-200
1381,2021-09-20-15-37-50,-200,-200,-200,-200,-200,-200
1382,2021-09-20-15-37-50,-200,-200,-200,-200,-200,-200
1383,2021-09-20-15-37-50,-200,-200,-200,-200,-200,-200
1384,2021-09-20-15-37-50,-200,-200,-200,-200,-200,-200
1385,2021-09-20-15-37-50,-200,-200,-200,-200,-200,-200
1386,2021-09-20-15-37-50,-200,-200,-200,-200,-200,-200
1387,2021-09-20-15-37-50,-200,-200,-200,-200,-200,-200
1388,2021-09-20-15-37-50,-200,-200,-200,-200,-200,-200
1389,2021-09-20-15-37-50,-200,-200,-200,-200,-200,-200
1390,2021-09-20-15-37-51,-200,-200,-200,-200,-200,-200
1391,2021-09-20-15-37-51,-200,-200,-200,-200,-200,-200
1392,2021-09-20-15-37-51,-200,-200,-200,-200,-200,-200
1393,2021-09-20-15-37-51,-200,-200,-200,-200,-200,-200
1394,2021-09-20-15-37-51,-200,-200,-200,-200,-200,-200
1395,2021-09-20-15-37-51,-200,-200,-200,-200,-200,-200
1396,2021-09-20-15-37-51,-200,-200,-200,-200,-200,-200
1397,2021-09-20-15-37-51,-200,-200,-200,-200,-200,-200
1398,2021-09-20-15-37-51,-200,-200,-200,-200,-200,-200
1399,2021-09-20-15-37-51,-200,-200,-200,-200,-200,-200
1400,2021-09-20-15-37-52,-200,-200,-200,-200,-200,-200
1401,2021-09-20-15-37-52,-200,-200,-200,-200,-200,-200
1402,2021-09-20-15-37-52,-200,-200,-200,-200,-200,-200
1403,2021-09-20-15-37-52,-200,-200,-200,-200,-200,-200
1404,2021-09-20-15-37-52,-200,-200,-200,-200,-200,-200
1405,2021-09-20-15-37-52,-200,-200,-200,-200,-200,-200
1406,2021-09-20-15-37-52,-200,-200,-200,-200,-200,-200
1407,2021-09-20-15-37-52,-200,-200,-200,-200,-200,-200
1408,2021-09-20-15-37-52,-200,-200,-200,-200,-200,-200
1409,2021-09-20-15-37-53,-200,-200,-200,-200,-200,-200
1410,2021-09-20-15-37-53,-200,-200,-200,-200,-200,-200
1411,2021-09-20-15-37-53,-200,-200,-200,-200,-200,-200
1412,2021-09-20-15-37-53,-200,-200,-200,-200,-200,-200
1413,2021-09-20-15-37-53,-200,-200,-200,-200,-200,-200
1414,2021-09-20-15-37-53,-200,-200,-200,-200,-200,-200
1415,2021-09-20-15-37-53,-200,-200,-200,-200,-200,-200
1416,2021-09-20-15-37-53,-200,-200,-200,-200,-200,-200
1417,2021-09-20-15-37-53,-200,-200,-200,-200,-200,-200
1418,2021-09-20-15-37-53,-200,-200,-200,-200,-200,-200
1419,2021-09-20-15-37-53,-200,-200,-200,-200,-200,-200
1420,2021-09-20-15-37-53,-200,-200,-200,-200,-200,-200
1421,2021-09-20-15-37-53,-200,-200,-200,-200,-200,-200
1422,2021-09-20-15-37-53,-200,-200,-200,-200,-200,-200
1423,2021-09-20-15-37-53,-200,-200,-200,-200,-200,-200
1424,2021-09-20-15-37-53,-200,-200,-200,-200,-200,-200
1425,2021-09-20-15-37-53,-200,-200,-200,-200,-200,-200
1426,2021-09-20-15-37-53,-200,-200,-200,-200,-200,-200
1427,2021-09-20-15-37-53,-200,-200,-200,-200,-200,-200
1428,2021-09-20-15-37-53,-200,-200,-200,-200,-200,-200
1429,2021-09-20-15-37-53,-200,-200,-200,-200,-200,-200
1430,2021-09-20-15-37-53,-200,-200,-200,-200,-200,-200
1431,2021-09-20-15-37-53,-200,-200,-200,-200,-200,-200
1432,2021-09-20-15-37-53,-200,-200,-200,-200,-200,-200
1433,2021-09-20-15-37-53,-200,-200,-200,-200,-200,-200
1434,2021-09-20-15-37-54,-200,-200,-200,-200,-200,-200
1435,2021-09-20-15-37-54,-200,-200,-200,-200,-200,-200
1436,2021-09-20-15-37-54,-200,-200,-200,-200,-200,-200
1437,2021-09-20-15-37-54,-200,-200,-200,-200,-200,-200
1438,2021-09-20-15-37-54,-200,-200,-200,-200,-200,-200
1439,2021-09-20-15-37-54,-200,-200,-200,-200,-200,-200
1440,2021-09-20-15-37-54,-200,-200,-200,-200,-200,-200
1441,2021-09-20-15-37-54,-200,-200,-200,-200,-200,-200
1442,2021-09-20-15-37-55,-200,-200,-200,-200,-200,-200
1443,2021-09-20-15-37-55,-200,-200,-200,-200,-200,-200
1444,2021-09-20-15-37-55,-200,-200,-200,-200,-200,-200
1445,2021-09-20-15-37-55,-200,-200,-200,-200,-200,-200
1446,2021-09-20-15-37-55,-200,-200,-200,-200,-200,-200
1447,2021-09-20-15-37-55,-200,-200,-200,-200,-200,-200
1448,2021-09-20-15-37-55,-200,-200,-200,-200,-200,-200
1449,2021-09-20-15-37-55,-200,-200,-200,-200,-200,-200
1450,2021-09-20-15-37-55,-200,-200,-200,-200,-200,-200
1451,2021-09-20-15-37-56,-200,-200,-200,-200,-200,-200
1452,2021-09-20-15-37-56,-200,-200,-200,-200,-200,-200
1453,2021-09-20-15-37-56,-200,-200,-200,-200,-200,-200
1454,2021-09-20-15-37-56,-200,-200,-200,-200,-200,-200
1455,2021-09-20-15-37-56,-200,-200,-200,-200,-200,-200
1456,2021-09-20-15-37-56,-200,-200,-200,-200,-200,-200
1457,2021-09-20-15-37-56,-200,-200,-200,-200,-200,-200
1458,2021-09-20-15-37-56,-200,-200,-200,-200,-200,-200
1459,2021-09-20-15-37-56,-200,-200,-200,-200,-200,-200
1460,2021-09-20-15-37-57,-200,-200,-200,-200,-200,-200
1461,2021-09-20-15-37-57,-200,-200,-200,-200,-200,-200
1462,2021-09-20-15-37-57,-200,-200,-200,-200,-200,-200
1463,2021-09-20-15-37-57,-200,-200,-200,-200,-200,-200
1464,2021-09-20-15-37-57,-200,-200,-200,-200,-200,-200
1465,2021-09-20-15-37-57,-200,-200,-200,-200,-200,-200
1466,2021-09-20-15-37-57,-200,-200,-200,-200,-200,-200
1467,2021-09-20-15-37-57,-200,-200,-200,-200,-200,-200
1468,2021-09-20-15-37-57,-200,-200,-200,-200,-200,-200
1469,2021-09-20-15-37-57,-200,-200,-200,-200,-200,-200
1470,2021-09-20-15-37-58,-200,-200,-200,-200,-200,-200
1471,2021-09-20-15-37-58,-200,-200,-200,-200,-200,-200
1472,2021-09-20-15-37-58,-200,-200,-200,-200,-200,-200
1473,2021-09-20-15-37-58,-200,-200,-200,-200,-200,-200
1474,2021-09-20-15-37-58,-200,-200,-200,-200,-200,-200
1475,2021-09-20-15-37-58,-200,-200,-200,-200,-200,-200
1476,2021-09-20-15-37-58,-200,-200,-200,-200,-200,-200
1477,2021-09-20-15-37-58,-200,-200,-200,-200,-200,-200
1478,2021-09-20-15-37-58,-200,-200,-200,-200,-200,-200
1479,2021-09-20-15-37-58,-200,-200,-200,-200,-200,-200
1480,2021-09-20-15-37-59,-200,-200,-200,-200,-200,-200
1481,2021-09-20-15-37-59,-200,-200,-200,-200,-200,-200
1482,2021-09-20-15-37-59,-200,-200,-200,-200,-200,-200
1483,2021-09-20-15-37-59,-200,-200,-200,-200,-200,-200
1484,2021-09-20-15-37-59,-200,-200,-200,-200,-200,-200
1485,2021-09-20-15-37-59,-200,-200,-200,-200,-200,-200
1486,2021-09-20-15-37-59,-200,-200,-200,-200,-200,-200
1487,2021-09-20-15-37-59,-200,-200,-200,-200,-200,-200
1488,2021-09-20-15-37-59,-200,-200,-200,-200,-200,-200
1489,2021-09-20-15-38-00,-200,-200,-200,-200,-200,-200
1490,2021-09-20-15-38-00,-200,-200,-200,-200,-200,-200
1491,2021-09-20-15-38-00,-200,-200,-200,-200,-200,-200
1492,2021-09-20-15-38-00,-200,-200,-200,-200,-200,-200
1493,2021-09-20-15-38-00,-200,-200,-200,-200,-200,-200
1494,2021-09-20-15-38-00,-200,-200,-200,-200,-200,-200
1495,2021-09-20-15-38-00,-200,-200,-200,-200,-200,-200
1496,2021-09-20-15-38-00,-200,-200,-200,-200,-200,-200
1497,2021-09-20-15-38-00,-200,-200,-200,-200,-200,-200
1498,2021-09-20-15-38-01,-200,-200,-200,-200,-200,-200
1499,2021-09-20-15-38-01,-200,-200,-200,-200,-200,-200
1500,2021-09-20-15-38-01,-200,-200,-200,-200,-200,-200
1501,2021-09-20-15-38-01,-200,-200,-200,-200,-200,-200
1502,2021-09-20-15-38-01,-200,-200,-200,-200,-200,-200
1503,2021-09-20-15-38-01,-200,-200,-200,-200,-200,-200
1504,2021-09-20-15-38-01,-200,-200,-200,-200,-200,-200
1505,2021-09-20-15-38-01,-200,-200,-200,-200,-200,-200
1506,2021-09-20-15-38-01,-200,-200,-200,-200,-200,-200
1507,2021-09-20-15-38-01,-200,-200,-200,-200,-200,-200
1508,2021-09-20-15-38-02,-200,-200,-200,-200,-200,-200
1509,2021-09-20-15-38-02,-200,-200,-200,-200,-200,-200
1510,2021-09-20-15-38-02,-200,-200,-200,-200,-200,-200
1511,2021-09-20-15-38-02,-200,-200,-200,-200,-200,-200
1512,2021-09-20-15-38-02,-200,-200,-200,-200,-200,-200
1513,2021-09-20-15-38-02,-200,-200,-200,-200,-200,-200
1514,2021-09-20-15-38-02,-200,-200,-200,-200,-200,-200
1515,2021-09-20-15-38-02,-200,-200,-200,-200,-200,-200
1516,2021-09-20-15-38-02,-200,-200,-200,-200,-200,-200
1517,2021-09-20-15-38-02,-200,-200,-200,-200,-200,-200
1518,2021-09-20-15-38-02,-200,-200,-200,-200,-200,-200
1519,2021-09-20-15-38-02,-200,-200,-200,-200,-200,-200
1520,2021-09-20-15-38-02,-200,-200,-200,-200,-200,-200
1521,2021-09-20-15-38-02,-200,-200,-200,-200,-200,-200
1522,2021-09-20-15-38-02,-200,-200,-200,-200,-200,-200
1523,2021-09-20-15-38-03,-200,-200,-200,-200,-200,-200
1524,2021-09-20-15-38-03,-200,-200,-200,-200,-200,-200
1525,2021-09-20-15-38-03,-200,-200,-200,-200,-200,-200
1526,2021-09-20-15-38-03,-200,-200,-200,-200,-200,-200
1527,2021-09-20-15-38-03,-200,-200,-200,-200,-200,-200
1528,2021-09-20-15-38-03,-200,-200,-200,-200,-200,-200
1529,2021-09-20-15-38-03,-200,-200,-200,-200,-200,-200
1530,2021-09-20-15-38-03,-200,-200,-200,-200,-200,-200
1531,2021-09-20-15-38-03,-200,-200,-200,-200,-200,-200
1532,2021-09-20-15-38-03,-200,-200,-200,-200,-200,-200
1533,2021-09-20-15-38-03,-200,-200,-200,-200,-200,-200
1534,2021-09-20-15-38-03,-200,-200,-200,-200,-200,-200
1535,2021-09-20-15-38-04,-200,-200,-200,-200,-200,-200
1536,2021-09-20-15-38-04,-200,-200,-200,-200,-200,-200
1537,2021-09-20-15-38-04,-200,-200,-200,-200,-200,-200
1538,2021-09-20-15-38-04,-200,-200,-200,-200,-200,-200
1539,2021-09-20-15-38-04,-200,-200,-200,-200,-200,-200
1540,2021-09-20-15-38-04,-200,-200,-200,-200,-200,-200
1541,2021-09-20-15-38-04,-200,-200,-200,-200,-200,-200
1542,2021-09-20-15-38-04,-200,-200,-200,-200,-200,-200
1543,2021-09-20-15-38-04,-200,-200,-200,-200,-200,-200
1544,2021-09-20-15-38-04,-200,-200,-200,-200,-200,-200
1545,2021-09-20-15-38-05,-200,-200,-200,-200,-200,-200
1546,2021-09-20-15-38-05,-200,-200,-200,-200,-200,-200
1547,2021-09-20-15-38-05,-200,-200,-200,-200,-200,-200
1548,2021-09-20-15-38-05,-200,-200,-200,-200,-200,-200
1549,2021-09-20-15-38-05,-200,-200,-200,-200,-200,-200
1550,2021-09-20-15-38-05,-200,-200,-200,-200,-200,-200
1551,2021-09-20-15-38-05,-200,-200,-200,-200,-200,-200
1552,2021-09-20-15-38-05,-200,-200,-200,-200,-200,-200
1553,2021-09-20-15-38-05,-200,-200,-200,-200,-200,-200
1554,2021-09-20-15-38-05,-200,-200,-200,-200,-200,-200
1555,2021-09-20-15-38-06,-200,-200,-200,-200,-200,-200
1556,2021-09-20-15-38-06,-200,-200,-200,-200,-200,-200
1557,2021-09-20-15-38-06,-200,-200,-200,-200,-200,-200
1558,2021-09-20-15-38-06,-200,-200,-200,-200,-200,-200
1559,2021-09-20-15-38-06,-200,-200,-200,-200,-200,-200
1560,2021-09-20-15-38-06,-200,-200,-200,-200,-200,-200
1561,2021-09-20-15-38-06,-200,-200,-200,-200,-200,-200
1562,2021-09-20-15-38-06,-200,-200,-200,-200,-200,-200
1563,2021-09-20-15-38-06,-200,-200,-200,-200,-200,-200
1564,2021-09-20-15-38-06,-200,-200,-200,-200,-200,-200
1565,2021-09-20-15-38-07,-200,-200,-200,-200,-200,-200
1566,2021-09-20-15-38-07,-200,-200,-200,-200,-200,-200
1567,2021-09-20-15-38-07,-200,-200,-200,-200,-200,-200
1568,2021-09-20-15-38-07,-200,-200,-200,-200,-200,-200
1569,2021-09-20-15-38-07,-200,-200,-200,-200,-200,-200
1570,2021-09-20-15-38-07,-200,-200,-200,-200,-200,-200
1571,2021-09-20-15-38-07,-200,-200,-200,-200,-200,-200
1572,2021-09-20-15-38-07,-200,-200,-200,-200,-200,-200
1573,2021-09-20-15-38-07,-200,-200,-200,-200,-200,-200
1574,2021-09-20-15-38-07,-200,-200,-200,-200,-200,-200
1575,2021-09-20-15-38-08,-200,-200,-200,-200,-200,-200
1576,2021-09-20-15-38-08,-200,-200,-200,-200,-200,-200
1577,2021-09-20-15-38-08,-200,-200,-200,-200,-200,-200
1578,2021-09-20-15-38-08,-200,-200,-200,-200,-200,-200
1579,2021-09-20-15-38-08,-200,-200,-200,-200,-200,-200
1580,2021-09-20-15-38-08,-200,-200,-200,-200,-200,-200
1581,2021-09-20-15-38-08,-200,-200,-200,-200,-200,-200
1582,2021-09-20-15-38-08,-200,-200,-200,-200,-200,-200
1583,2021-09-20-15-38-08,-200,-200,-200,-200,-200,-200
1584,2021-09-20-15-38-08,-200,-200,-200,-200,-200,-200
1585,2021-09-20-15-38-08,-200,-200,-200,-200,-200,-200
1586,2021-09-20-15-38-09,-200,-200,-200,-200,-200,-200
1587,2021-09-20-15-38-09,-200,-200,-200,-200,-200,-200
1588,2021-09-20-15-38-09,-200,-200,-200,-200,-200,-200
1589,2021-09-20-15-38-09,-200,-200,-200,-200,-200,-200
1590,2021-09-20-15-38-09,-200,-200,-200,-200,-200,-200
1591,2021-09-20-15-38-09,-200,-200,-200,-200,-200,-200
1592,2021-09-20-15-38-09,-200,-200,-200,-200,-200,-200
1593,2021-09-20-15-38-09,-200,-200,-200,-200,-200,-200
1594,2021-09-20-15-38-09,-200,-200,-200,-200,-200,-200
1595,2021-09-20-15-38-10,-200,-200,-200,-200,-200,-200
1596,2021-09-20-15-38-10,-200,-200,-200,-200,-200,-200
1597,2021-09-20-15-38-10,-200,-200,-200,-200,-200,-200
1598,2021-09-20-15-38-10,-200,-200,-200,-200,-200,-200
1599,2021-09-20-15-38-10,-200,-200,-200,-200,-200,-200
1600,2021-09-20-15-38-10,-200,-200,-200,-200,-200,-200
1601,2021-09-20-15-38-10,-200,-200,-200,-200,-200,-200
1602,2021-09-20-15-38-10,-200,-200,-200,-200,-200,-200
1603,2021-09-20-15-38-10,-200,-200,-200,-200,-200,-200
1604,2021-09-20-15-38-10,-200,-200,-200,-200,-200,-200
1605,2021-09-20-15-38-11,-200,-200,-200,-200,-200,-200
1606,2021-09-20-15-38-11,-200,-200,-200,-200,-200,-200
1607,2021-09-20-15-38-11,-200,-200,-200,-200,-200,-200
1608,2021-09-20-15-38-11,-200,-200,-200,-200,-200,-200
1609,2021-09-20-15-38-11,-200,-200,-200,-200,-200,-200
1610,2021-09-20-15-38-11,-200,-200,-200,-200,-200,-200
1611,2021-09-20-15-38-11,-200,-200,-200,-200,-200,-200
1612,2021-09-20-15-38-11,-200,-200,-200,-200,-200,-200
1613,2021-09-20-15-38-11,-200,-200,-200,-200,-200,-200
1614,2021-09-20-15-38-12,-200,-200,-200,-200,-200,-200
1615,2021-09-20-15-38-12,-200,-200,-200,-200,-200,-200
1616,2021-09-20-15-38-12,-200,-200,-200,-200,-200,-200
1617,2021-09-20-15-38-12,-200,-200,-200,-200,-200,-200
1618,2021-09-20-15-38-12,-200,-200,-200,-200,-200,-200
1619,2021-09-20-15-38-12,-200,-200,-200,-200,-200,-200
1620,2021-09-20-15-38-12,-200,-200,-200,-200,-200,-200
1621,2021-09-20-15-38-12,-200,-200,-200,-200,-200,-200
1622,2021-09-20-15-38-12,-200,-200,-200,-200,-200,-200
1623,2021-09-20-15-38-12,-200,-200,-200,-200,-200,-200
1624,2021-09-20-15-38-13,-200,-200,-200,-200,-200,-200
1625,2021-09-20-15-38-13,-200,-200,-200,-200,-200,-200
1626,2021-09-20-15-38-13,-200,-200,-200,-200,-200,-200
1627,2021-09-20-15-38-13,-200,-200,-200,-200,-200,-200
1628,2021-09-20-15-38-13,-200,-200,-200,-200,-200,-200
1629,2021-09-20-15-38-13,-200,-200,-200,-200,-200,-200
1630,2021-09-20-15-38-13,-200,-200,-200,-200,-200,-200
1631,2021-09-20-15-38-13,-200,-200,-200,-200,-200,-200
1632,2021-09-20-15-38-13,-200,-200,-200,-200,-200,-200
1633,2021-09-20-15-38-13,-200,-200,-200,-200,-200,-200
1634,2021-09-20-15-38-14,-200,-200,-200,-200,-200,-200
1635,2021-09-20-15-38-14,-200,-200,-200,-200,-200,-200
1636,2021-09-20-15-38-14,-200,-200,-200,-200,-200,-200
1637,2021-09-20-15-38-14,-200,-200,-200,-200,-200,-200
1638,2021-09-20-15-38-14,-200,-200,-200,-200,-200,-200
1639,2021-09-20-15-38-14,-200,-200,-200,-200,-200,-200
1640,2021-09-20-15-38-14,-200,-200,-200,-200,-200,-200
1641,2021-09-20-15-38-14,-200,-200,-200,-200,-200,-200
1642,2021-09-20-15-38-14,-200,-200,-200,-200,-200,-200
1643,2021-09-20-15-38-14,-200,-200,-200,-200,-200,-200
1644,2021-09-20-15-38-14,-200,-200,-200,-200,-200,-200
1645,2021-09-20-15-38-15,-200,-200,-200,-200,-200,-200
1646,2021-09-20-15-38-15,-200,-200,-200,-200,-200,-200
1647,2021-09-20-15-38-15,-200,-200,-200,-200,-200,-200
1648,2021-09-20-15-38-15,-200,-200,-200,-200,-200,-200
1649,2021-09-20-15-38-15,-200,-200,-200,-200,-200,-200
1650,2021-09-20-15-38-15,-200,-200,-200,-200,-200,-200
1651,2021-09-20-15-38-15,-200,-200,-200,-200,-200,-200
1652,2021-09-20-15-38-15,-200,-200,-200,-200,-200,-200
1653,2021-09-20-15-38-15,-200,-200,-200,-200,-200,-200
1654,2021-09-20-15-38-15,-200,-200,-200,-200,-200,-200
1655,2021-09-20-15-38-15,-200,-200,-200,-200,-200,-200
1656,2021-09-20-15-38-15,-200,-200,-200,-200,-200,-200
1657,2021-09-20-15-38-15,-200,-200,-200,-200,-200,-200
1658,2021-09-20-15-38-15,-200,-200,-200,-200,-200,-200
1659,2021-09-20-15-38-15,-200,-200,-200,-200,-200,-200
1660,2021-09-20-15-38-15,-200,-200,-200,-200,-200,-200
1661,2021-09-20-15-38-15,-200,-200,-200,-200,-200,-200
1662,2021-09-20-15-38-16,-200,-200,-200,-200,-200,-200
1663,2021-09-20-15-38-16,-200,-200,-200,-200,-200,-200
1664,2021-09-20-15-38-16,-200,-200,-200,-200,-200,-200
1665,2021-09-20-15-38-16,-200,-200,-200,-200,-200,-200
1666,2021-09-20-15-38-16,-200,-200,-200,-200,-200,-200
1667,2021-09-20-15-38-16,-200,-200,-200,-200,-200,-200
1668,2021-09-20-15-38-16,-200,-200,-200,-200,-200,-200
1669,2021-09-20-15-38-16,-200,-200,-200,-200,-200,-200
1670,2021-09-20-15-38-17,-200,-200,-200,-200,-200,-200
1671,2021-09-20-15-38-17,-200,-200,-200,-200,-200,-200
1672,2021-09-20-15-38-17,-200,-200,-200,-200,-200,-200
1673,2021-09-20-15-38-17,-200,-200,-200,-200,-200,-200
1674,2021-09-20-15-38-17,-200,-200,-200,-200,-200,-200
1675,2021-09-20-15-38-17,-200,-200,-200,-200,-200,-200
1676,2021-09-20-15-38-17,-200,-200,-200,-200,-200,-200
1677,2021-09-20-15-38-17,-200,-200,-200,-200,-200,-200
1678,2021-09-20-15-38-17,-200,-200,-200,-200,-200,-200
1679,2021-09-20-15-38-18,-200,-200,-200,-200,-200,-200
1680,2021-09-20-15-38-18,-200,-200,-200,-200,-200,-200
1681,2021-09-20-15-38-18,-200,-200,-200,-200,-200,-200
1682,2021-09-20-15-38-18,-200,-200,-200,-200,-200,-200
1683,2021-09-20-15-38-18,-200,-200,-200,-200,-200,-200
1684,2021-09-20-15-38-18,-200,-200,-200,-200,-200,-200
1685,2021-09-20-15-38-18,-200,-200,-200,-200,-200,-200
1686,2021-09-20-15-38-18,-200,-200,-200,-200,-200,-200
1687,2021-09-20-15-38-18,-200,-200,-200,-200,-200,-200
1688,2021-09-20-15-38-18,-200,-200,-200,-200,-200,-200
1689,2021-09-20-15-38-19,-200,-200,-200,-200,-200,-200
1690,2021-09-20-15-38-19,-200,-200,-200,-200,-200,-200
1691,2021-09-20-15-38-19,-200,-200,-200,-200,-200,-200
1692,2021-09-20-15-38-19,-200,-200,-200,-200,-200,-200
1693,2021-09-20-15-38-19,-200,-200,-200,-200,-200,-200
1694,2021-09-20-15-38-19,-200,-200,-200,-200,-200,-200
1695,2021-09-20-15-38-19,-200,-200,-200,-200,-200,-200
1696,2021-09-20-15-38-19,-200,-200,-200,-200,-200,-200
1697,2021-09-20-15-38-19,-200,-200,-200,-200,-200,-200
1698,2021-09-20-15-38-20,-200,-200,-200,-200,-200,-200
1699,2021-09-20-15-38-20,-200,-200,-200,-200,-200,-200
1700,2021-09-20-15-38-20,-200,-200,-200,-200,-200,-200
1701,2021-09-20-15-38-20,-200,-200,-200,-200,-200,-200
1702,2021-09-20-15-38-20,-200,-200,-200,-200,-200,-200
1703,2021-09-20-15-38-20,-200,-200,-200,-200,-200,-200
1704,2021-09-20-15-38-20,-200,-200,-200,-200,-200,-200
1705,2021-09-20-15-38-20,-200,-200,-200,-200,-200,-200
1706,2021-09-20-15-38-20,-200,-200,-200,-200,-200,-200
1707,2021-09-20-15-38-20,-200,-200,-200,-200,-200,-200
1708,2021-09-20-15-38-20,-200,-200,-200,-200,-200,-200
1709,2021-09-20-15-38-20,-200,-200,-200,-200,-200,-200
1710,2021-09-20-15-38-20,-200,-200,-200,-200,-200,-200
1711,2021-09-20-15-38-20,-200,-200,-200,-200,-200,-200
1712,2021-09-20-15-38-20,-200,-200,-200,-200,-200,-200
1713,2021-09-20-15-38-20,-200,-200,-200,-200,-200,-200
1714,2021-09-20-15-38-20,-200,-200,-200,-200,-200,-200
1715,2021-09-20-15-38-21,-200,-200,-200,-200,-200,-200
1716,2021-09-20-15-38-21,-200,-200,-200,-200,-200,-200
1717,2021-09-20-15-38-21,-200,-200,-200,-200,-200,-200
1718,2021-09-20-15-38-21,-200,-200,-200,-200,-200,-200
1719,2021-09-20-15-38-21,-200,-200,-200,-200,-200,-200
1720,2021-09-20-15-38-21,-200,-200,-200,-200,-200,-200
1721,2021-09-20-15-38-21,-200,-200,-200,-200,-200,-200
1722,2021-09-20-15-38-21,-200,-200,-200,-200,-200,-200
1723,2021-09-20-15-38-21,-200,-200,-200,-200,-200,-200
1724,2021-09-20-15-38-22,-200,-200,-200,-200,-200,-200
1725,2021-09-20-15-38-22,-200,-200,-200,-200,-200,-200
1726,2021-09-20-15-38-22,-200,-200,-200,-200,-200,-200
1727,2021-09-20-15-38-22,-200,-200,-200,-200,-200,-200
1728,2021-09-20-15-38-22,-200,-200,-200,-200,-200,-200
1729,2021-09-20-15-38-22,-200,-200,-200,-200,-200,-200
1730,2021-09-20-15-38-22,-200,-200,-200,-200,-200,-200
1731,2021-09-20-15-38-22,-200,-200,-200,-200,-200,-200
1732,2021-09-20-15-38-22,-200,-200,-200,-200,-200,-200
1733,2021-09-20-15-38-23,-200,-200,-200,-200,-200,-200
1734,2021-09-20-15-38-23,-200,-200,-200,-200,-200,-200
1735,2021-09-20-15-38-23,-200,-200,-200,-200,-200,-200
1736,2021-09-20-15-38-23,-200,-200,-200,-200,-200,-200
1737,2021-09-20-15-38-23,-200,-200,-200,-200,-200,-200
1738,2021-09-20-15-38-23,-200,-200,-200,-200,-200,-200
1739,2021-09-20-15-38-23,-200,-200,-200,-200,-200,-200
1740,2021-09-20-15-38-23,-200,-200,-200,-200,-200,-200
1741,2021-09-20-15-38-23,-200,-200,-200,-200,-200,-200
1742,2021-09-20-15-38-24,-200,-200,-200,-200,-200,-200
1743,2021-09-20-15-38-24,-200,-200,-200,-200,-200,-200
1744,2021-09-20-15-38-24,-200,-200,-200,-200,-200,-200
1745,2021-09-20-15-38-24,-200,-200,-200,-200,-200,-200
1746,2021-09-20-15-38-24,-200,-200,-200,-200,-200,-200
1747,2021-09-20-15-38-24,-200,-200,-200,-200,-200,-200
1748,2021-09-20-15-38-24,-200,-200,-200,-200,-200,-200
1749,2021-09-20-15-38-24,-200,-200,-200,-200,-200,-200
1750,2021-09-20-15-38-24,-200,-200,-200,-200,-200,-200
1751,2021-09-20-15-38-25,-200,-200,-200,-200,-200,-200
1752,2021-09-20-15-38-25,-200,-200,-200,-200,-200,-200
1753,2021-09-20-15-38-25,-200,-200,-200,-200,-200,-200
1754,2021-09-20-15-38-25,-200,-200,-200,-200,-200,-200
1755,2021-09-20-15-38-25,-200,-200,-200,-200,-200,-200
1756,2021-09-20-15-38-25,-200,-200,-200,-200,-200,-200
1757,2021-09-20-15-38-25,-200,-200,-200,-200,-200,-200
1758,2021-09-20-15-38-25,-200,-200,-200,-200,-200,-200
1759,2021-09-20-15-38-25,-200,-200,-200,-200,-200,-200
1760,2021-09-20-15-38-25,-200,-200,-200,-200,-200,-200
1761,2021-09-20-15-38-26,-200,-200,-200,-200,-200,-200
1762,2021-09-20-15-38-26,-200,-200,-200,-200,-200,-200
1763,2021-09-20-15-38-26,-200,-200,-200,-200,-200,-200
1764,2021-09-20-15-38-26,-200,-200,-200,-200,-200,-200
1765,2021-09-20-15-38-26,-200,-200,-200,-200,-200,-200
1766,2021-09-20-15-38-26,-200,-200,-200,-200,-200,-200
1767,2021-09-20-15-38-26,-200,-200,-200,-200,-200,-200
1768,2021-09-20-15-38-26,-200,-200,-200,-200,-200,-200
1769,2021-09-20-15-38-26,-200,-200,-200,-200,-200,-200
1770,2021-09-20-15-38-26,-200,-200,-200,-200,-200,-200
1771,2021-09-20-15-38-26,-200,-200,-200,-200,-200,-200
1772,2021-09-20-15-38-27,-200,-200,-200,-200,-200,-200
1773,2021-09-20-15-38-27,-200,-200,-200,-200,-200,-200
1774,2021-09-20-15-38-27,-200,-200,-200,-200,-200,-200
1775,2021-09-20-15-38-27,-200,-200,-200,-200,-200,-200
1776,2021-09-20-15-38-27,-200,-200,-200,-200,-200,-200
1777,2021-09-20-15-38-27,-200,-200,-200,-200,-200,-200
1778,2021-09-20-15-38-27,-200,-200,-200,-200,-200,-200
1779,2021-09-20-15-38-27,-200,-200,-200,-200,-200,-200
1780,2021-09-20-15-38-27,-200,-200,-200,-200,-200,-200
1781,2021-09-20-15-38-28,-200,-200,-200,-200,-200,-200
1782,2021-09-20-15-38-28,-200,-200,-200,-200,-200,-200
1783,2021-09-20-15-38-28,-200,-200,-200,-200,-200,-200
1784,2021-09-20-15-38-28,-200,-200,-200,-200,-200,-200
1785,2021-09-20-15-38-28,-200,-200,-200,-200,-200,-200
1786,2021-09-20-15-38-28,-200,-200,-200,-200,-200,-200
1787,2021-09-20-15-38-28,-200,-200,-200,-200,-200,-200
1788,2021-09-20-15-38-28,-200,-200,-200,-200,-200,-200
1789,2021-09-20-15-38-28,-200,-200,-200,-200,-200,-200
1790,2021-09-20-15-38-28,-200,-200,-200,-200,-200,-200
1791,2021-09-20-15-38-29,-200,-200,-200,-200,-200,-200
1792,2021-09-20-15-38-29,-200,-200,-200,-200,-200,-200
1793,2021-09-20-15-38-29,-200,-200,-200,-200,-200,-200
1794,2021-09-20-15-38-29,-200,-200,-200,-200,-200,-200
1795,2021-09-20-15-38-29,-200,-200,-200,-200,-200,-200
1796,2021-09-20-15-38-29,-200,-200,-200,-200,-200,-200
1797,2021-09-20-15-38-29,-200,-200,-200,-200,-200,-200
1798,2021-09-20-15-38-29,-200,-200,-200,-200,-200,-200
1799,2021-09-20-15-38-29,-200,-200,-200,-200,-200,-200
1800,2021-09-20-15-38-29,-200,-200,-200,-200,-200,-200
1801,2021-09-20-15-38-29,-200,-200,-200,-200,-200,-200
1802,2021-09-20-15-38-29,-200,-200,-200,-200,-200,-200
1803,2021-09-20-15-38-29,-200,-200,-200,-200,-200,-200
1804,2021-09-20-15-38-29,-200,-200,-200,-200,-200,-200
1805,2021-09-20-15-38-29,-200,-200,-200,-200,-200,-200
1806,2021-09-20-15-38-29,-200,-200,-200,-200,-200,-200
1807,2021-09-20-15-38-29,-200,-200,-200,-200,-200,-200
1808,2021-09-20-15-38-29,-200,-200,-200,-200,-200,-200
1809,2021-09-20-15-38-29,-200,-200,-200,-200,-200,-200
1810,2021-09-20-15-38-29,-200,-200,-200,-200,-200,-200
1811,2021-09-20-15-38-29,-200,-200,-200,-200,-200,-200
1812,2021-09-20-15-38-29,-200,-200,-200,-200,-200,-200
1813,2021-09-20-15-38-29,-200,-200,-200,-200,-200,-200
1814,2021-09-20-15-38-29,-200,-200,-200,-200,-200,-200
1815,2021-09-20-15-38-29,-200,-200,-200,-200,-200,-200
1816,2021-09-20-15-38-29,-200,-200,-200,-200,-200,-200
1817,2021-09-20-15-38-29,-200,-200,-200,-200,-200,-200
1818,2021-09-20-15-38-29,-200,-200,-200,-200,-200,-200
1819,2021-09-20-15-38-30,-200,-200,-200,-200,-200,-200
1820,2021-09-20-15-38-30,-200,-200,-200,-200,-200,-200
1821,2021-09-20-15-38-30,-200,-200,-200,-200,-200,-200
1822,2021-09-20-15-38-30,-200,-200,-200,-200,-200,-200
1823,2021-09-20-15-38-30,-200,-200,-200,-200,-200,-200
1824,2021-09-20-15-38-30,-200,-200,-200,-200,-200,-200
1825,2021-09-20-15-38-30,-200,-200,-200,-200,-200,-200
1826,2021-09-20-15-38-30,-200,-200,-200,-200,-200,-200
1827,2021-09-20-15-38-31,-200,-200,-200,-200,-200,-200
1828,2021-09-20-15-38-31,-200,-200,-200,-200,-200,-200
1829,2021-09-20-15-38-31,-200,-200,-200,-200,-200,-200
1830,2021-09-20-15-38-31,-200,-200,-200,-200,-200,-200
1831,2021-09-20-15-38-31,-200,-200,-200,-200,-200,-200
1832,2021-09-20-15-38-31,-200,-200,-200,-200,-200,-200
1833,2021-09-20-15-38-31,-200,-200,-200,-200,-200,-200
1834,2021-09-20-15-38-31,-200,-200,-200,-200,-200,-200
1835,2021-09-20-15-38-31,-200,-200,-200,-200,-200,-200
1836,2021-09-20-15-38-31,-200,-200,-200,-200,-200,-200
1837,2021-09-20-15-38-31,-200,-200,-200,-200,-200,-200
1838,2021-09-20-15-38-31,-200,-200,-200,-200,-200,-200
1839,2021-09-20-15-38-31,-200,-200,-200,-200,-200,-200
1840,2021-09-20-15-38-31,-200,-200,-200,-200,-200,-200
1841,2021-09-20-15-38-31,-200,-200,-200,-200,-200,-200
1842,2021-09-20-15-38-31,-200,-200,-200,-200,-200,-200
1843,2021-09-20-15-38-31,-200,-200,-200,-200,-200,-200
1844,2021-09-20-15-38-31,-200,-200,-200,-200,-200,-200
1845,2021-09-20-15-38-31,-200,-200,-200,-200,-200,-200
1846,2021-09-20-15-38-31,-200,-200,-200,-200,-200,-200
1847,2021-09-20-15-38-31,-200,-200,-200,-200,-200,-200
1848,2021-09-20-15-38-31,-200,-200,-200,-200,-200,-200
1849,2021-09-20-15-38-31,-200,-200,-200,-200,-200,-200
1850,2021-09-20-15-38-31,-200,-200,-200,-200,-200,-200
1851,2021-09-20-15-38-31,-200,-200,-200,-200,-200,-200
1852,2021-09-20-15-38-31,-200,-200,-200,-200,-200,-200
1853,2021-09-20-15-38-31,-200,-200,-200,-200,-200,-200
1854,2021-09-20-15-38-31,-200,-200,-200,-200,-200,-200
1855,2021-09-20-15-38-31,-200,-200,-200,-200,-200,-200
1856,2021-09-20-15-38-31,-200,-200,-200,-200,-200,-200
1857,2021-09-20-15-38-31,-200,-200,-200,-200,-200,-200
1858,2021-09-20-15-38-31,-200,-200,-200,-200,-200,-200
1859,2021-09-20-15-38-32,-200,-200,-200,-200,-200,-200
1860,2021-09-20-15-38-32,-200,-200,-200,-200,-200,-200
1861,2021-09-20-15-38-32,-200,-200,-200,-200,-200,-200
1862,2021-09-20-15-38-32,-200,-200,-200,-200,-200,-200
1863,2021-09-20-15-38-32,-200,-200,-200,-200,-200,-200
1864,2021-09-20-15-38-32,-200,-200,-200,-200,-200,-200
1865,2021-09-20-15-38-32,-200,-200,-200,-200,-200,-200
1866,2021-09-20-15-38-32,-200,-200,-200,-200,-200,-200
1867,2021-09-20-15-38-32,-200,-200,-200,-200,-200,-200
1868,2021-09-20-15-38-32,-200,-200,-200,-200,-200,-200
1869,2021-09-20-15-38-32,-200,-200,-200,-200,-200,-200
1870,2021-09-20-15-38-32,-200,-200,-200,-200,-200,-200
1871,2021-09-20-15-38-32,-200,-200,-200,-200,-200,-200
1872,2021-09-20-15-38-32,-200,-200,-200,-200,-200,-200
1873,2021-09-20-15-38-33,-200,-200,-200,-200,-200,-200
1874,2021-09-20-15-38-33,-200,-200,-200,-200,-200,-200
1875,2021-09-20-15-38-33,-200,-200,-200,-200,-200,-200
1876,2021-09-20-15-38-33,-200,-200,-200,-200,-200,-200
1877,2021-09-20-15-38-33,-200,-200,-200,-200,-200,-200
1878,2021-09-20-15-38-33,-200,-200,-200,-200,-200,-200
1879,2021-09-20-15-38-33,-200,-200,-200,-200,-200,-200
1880,2021-09-20-15-38-33,-200,-200,-200,-200,-200,-200
1881,2021-09-20-15-38-33,-200,-200,-200,-200,-200,-200
1882,2021-09-20-15-38-33,-200,-200,-200,-200,-200,-200
1883,2021-09-20-15-38-33,-200,-200,-200,-200,-200,-200
1884,2021-09-20-15-38-34,-200,-200,-200,-200,-200,-200
1885,2021-09-20-15-38-34,-200,-200,-200,-200,-200,-200
1886,2021-09-20-15-38-34,-200,-200,-200,-200,-200,-200
1887,2021-09-20-15-38-34,-200,-200,-200,-200,-200,-200
1888,2021-09-20-15-38-34,-200,-200,-200,-200,-200,-200
1889,2021-09-20-15-38-34,-200,-200,-200,-200,-200,-200
1890,2021-09-20-15-38-34,-200,-200,-200,-200,-200,-200
1891,2021-09-20-15-38-34,-200,-200,-200,-200,-200,-200
1892,2021-09-20-15-38-34,-200,-200,-200,-200,-200,-200
1893,2021-09-20-15-38-34,-200,-200,-200,-200,-200,-200
1894,2021-09-20-15-38-34,-200,-200,-200,-200,-200,-200
1895,2021-09-20-15-38-34,-200,-200,-200,-200,-200,-200
1896,2021-09-20-15-38-35,-200,-200,-200,-200,-200,-200
1897,2021-09-20-15-38-35,-200,-200,-200,-200,-200,-200
1898,2021-09-20-15-38-35,-200,-200,-200,-200,-200,-200
1899,2021-09-20-15-38-35,-200,-200,-200,-200,-200,-200
1900,2021-09-20-15-38-35,-200,-200,-200,-200,-200,-200
1901,2021-09-20-15-38-35,-200,-200,-200,-200,-200,-200
1902,2021-09-20-15-38-35,-200,-200,-200,-200,-200,-200
1903,2021-09-20-15-38-35,-200,-200,-200,-200,-200,-200
1904,2021-09-20-15-38-36,-200,-200,-200,-200,-200,-200
1905,2021-09-20-15-38-36,-200,-200,-200,-200,-200,-200
1906,2021-09-20-15-38-36,-200,-200,-200,-200,-200,-200
1907,2021-09-20-15-38-36,-200,-200,-200,-200,-200,-200
1908,2021-09-20-15-38-36,-200,-200,-200,-200,-200,-200
1909,2021-09-20-15-38-36,-200,-200,-200,-200,-200,-200
1910,2021-09-20-15-38-36,-200,-200,-200,-200,-200,-200
1911,2021-09-20-15-38-36,-200,-200,-200,-200,-200,-200
1912,2021-09-20-15-38-36,-200,-200,-200,-200,-200,-200
1913,2021-09-20-15-38-36,-200,-200,-200,-200,-200,-200
1914,2021-09-20-15-38-37,-200,-200,-200,-200,-200,-200
1915,2021-09-20-15-38-37,-200,-200,-200,-200,-200,-200
1916,2021-09-20-15-38-37,-200,-200,-200,-200,-200,-200
1917,2021-09-20-15-38-37,-200,-200,-200,-200,-200,-200
1918,2021-09-20-15-38-37,-200,-200,-200,-200,-200,-200
1919,2021-09-20-15-38-37,-200,-200,-200,-200,-200,-200
1920,2021-09-20-15-38-37,-200,-200,-200,-200,-200,-200
1921,2021-09-20-15-38-37,-200,-200,-200,-200,-200,-200
1922,2021-09-20-15-38-37,-200,-200,-200,-200,-200,-200
1923,2021-09-20-15-38-37,-200,-200,-200,-200,-200,-200
1924,2021-09-20-15-38-37,-200,-200,-200,-200,-200,-200
1925,2021-09-20-15-38-38,-200,-200,-200,-200,-200,-200
1926,2021-09-20-15-38-38,-200,-200,-200,-200,-200,-200
1927,2021-09-20-15-38-38,-200,-200,-200,-200,-200,-200
1928,2021-09-20-15-38-38,-200,-200,-200,-200,-200,-200
1929,2021-09-20-15-38-38,-200,-200,-200,-200,-200,-200
1930,2021-09-20-15-38-38,-200,-200,-200,-200,-200,-200
1931,2021-09-20-15-38-38,-200,-200,-200,-200,-200,-200
1932,2021-09-20-15-38-38,-200,-200,-200,-200,-200,-200
1933,2021-09-20-15-38-38,-200,-200,-200,-200,-200,-200
1934,2021-09-20-15-38-39,-200,-200,-200,-200,-200,-200
1935,2021-09-20-15-38-39,-200,-200,-200,-200,-200,-200
1936,2021-09-20-15-38-39,-200,-200,-200,-200,-200,-200
1937,2021-09-20-15-38-39,-200,-200,-200,-200,-200,-200
1938,2021-09-20-15-38-39,-200,-200,-200,-200,-200,-200
1939,2021-09-20-15-38-39,-200,-200,-200,-200,-200,-200
1940,2021-09-20-15-38-39,-200,-200,-200,-200,-200,-200
1941,2021-09-20-15-38-39,-200,-200,-200,-200,-200,-200
1942,2021-09-20-15-38-39,-200,-200,-200,-200,-200,-200
1943,2021-09-20-15-38-39,-200,-200,-200,-200,-200,-200
1944,2021-09-20-15-38-39,-200,-200,-200,-200,-200,-200
1945,2021-09-20-15-38-40,-200,-200,-200,-200,-200,-200
1946,2021-09-20-15-38-40,-200,-200,-200,-200,-200,-200
1947,2021-09-20-15-38-40,-200,-200,-200,-200,-200,-200
1948,2021-09-20-15-38-40,-200,-200,-200,-200,-200,-200
1949,2021-09-20-15-38-40,-200,-200,-200,-200,-200,-200
1950,2021-09-20-15-38-40,-200,-200,-200,-200,-200,-200
1951,2021-09-20-15-38-40,-200,-200,-200,-200,-200,-200
1952,2021-09-20-15-38-40,-200,-200,-200,-200,-200,-200
1953,2021-09-20-15-38-41,-200,-200,-200,-200,-200,-200
1954,2021-09-20-15-38-41,-200,-200,-200,-200,-200,-200
1955,2021-09-20-15-38-41,-200,-200,-200,-200,-200,-200
1956,2021-09-20-15-38-41,-200,-200,-200,-200,-200,-200
1957,2021-09-20-15-38-41,-200,-200,-200,-200,-200,-200
1958,2021-09-20-15-38-41,-200,-200,-200,-200,-200,-200
1959,2021-09-20-15-38-41,-200,-200,-200,-200,-200,-200
1960,2021-09-20-15-38-41,-200,-200,-200,-200,-200,-200
1961,2021-09-20-15-38-41,-200,-200,-200,-200,-200,-200
1962,2021-09-20-15-38-41,-200,-200,-200,-200,-200,-200
1963,2021-09-20-15-38-42,-200,-200,-200,-200,-200,-200
1964,2021-09-20-15-38-42,-200,-200,-200,-200,-200,-200
1965,2021-09-20-15-38-42,-200,-200,-200,-200,-200,-200
1966,2021-09-20-15-38-42,-200,-200,-200,-200,-200,-200
1967,2021-09-20-15-38-42,-200,-200,-200,-200,-200,-200
1968,2021-09-20-15-38-42,-200,-200,-200,-200,-200,-200
1969,2021-09-20-15-38-42,-200,-200,-200,-200,-200,-200
1970,2021-09-20-15-38-42,-200,-200,-200,-200,-200,-200
1971,2021-09-20-15-38-42,-200,-200,-200,-200,-200,-200
1972,2021-09-20-15-38-42,-200,-200,-200,-200,-200,-200
1973,2021-09-20-15-38-42,-200,-200,-200,-200,-200,-200
1974,2021-09-20-15-38-42,-200,-200,-200,-200,-200,-200
1975,2021-09-20-15-38-42,-200,-200,-200,-200,-200,-200
1976,2021-09-20-15-38-42,-200,-200,-200,-200,-200,-200
1977,2021-09-20-15-38-42,-200,-200,-200,-200,-200,-200
1978,2021-09-20-15-38-42,-200,-200,-200,-200,-200,-200
1979,2021-09-20-15-38-42,-200,-200,-200,-200,-200,-200
1980,2021-09-20-15-38-42,-200,-200,-200,-200,-200,-200
1981,2021-09-20-15-38-42,-200,-200,-200,-200,-200,-200
1982,2021-09-20-15-38-42,-200,-200,-200,-200,-200,-200
1983,2021-09-20-15-38-42,-200,-200,-200,-200,-200,-200
1984,2021-09-20-15-38-42,-200,-200,-200,-200,-200,-200
1985,2021-09-20-15-38-42,-200,-200,-200,-200,-200,-200
1986,2021-09-20-15-38-42,-200,-200,-200,-200,-200,-200
1987,2021-09-20-15-38-42,-200,-200,-200,-200,-200,-200
1988,2021-09-20-15-38-42,-200,-200,-200,-200,-200,-200
1989,2021-09-20-15-38-42,-200,-200,-200,-200,-200,-200
1990,2021-09-20-15-38-42,-200,-200,-200,-200,-200,-200
1991,2021-09-20-15-38-42,-200,-200,-200,-200,-200,-200
1992,2021-09-20-15-38-42,-200,-200,-200,-200,-200,-200
1993,2021-09-20-15-38-42,-200,-200,-200,-200,-200,-200
1994,2021-09-20-15-38-42,-200,-200,-200,-200,-200,-200
1995,2021-09-20-15-38-42,-200,-200,-200,-200,-200,-200
1996,2021-09-20-15-38-42,-200,-200,-200,-200,-200,-200
1997,2021-09-20-15-38-42,-200,-200,-200,-200,-200,-200
1998,2021-09-20-15-38-42,-200,-200,-200,-200,-200,-200
1999,2021-09-20-15-38-42,-200,-200,-200,-200,-200,-200
